phase,count,native_pss_kb,native_private_dirty_kb,native_heap_size_kb,native_heap_alloc_kb,dalvik_alloc_kb,total_pss_kb
loads,0,46493,46384,61076,58790,9264,307823
loads,10,61109,60740,72068,69160,9947,505963
loads,20,59149,58780,69656,67079,9965,493387
loads,30,71389,71020,82832,79442,9985,772647
loads,40,73752,73376,85256,81794,9997,878163
loads,50,75508,75136,86692,83555,10011,969136
rolls,0,71276,70904,83608,80341,12447,956673
rolls,25,66237,65872,78600,74819,12491,948238
rolls,50,66721,66356,78208,75325,12481,956505
rolls,75,66505,66140,78504,74991,12500,955235
rolls,100,66601,66236,78624,75522,12541,945788
rolls,125,66961,66596,78540,75565,12547,954509
rolls,150,66627,66264,78860,75007,12478,943513
rolls,175,67063,66712,78916,75009,12479,942937
rolls,200,67147,66796,79292,75587,12556,960441
end,250,69894,69572,80628,77322,9940,984293
